l2m3n4o5p6a1b2c3d4e5f6g7h8i9j0k3,0j1k2l3m4n5o6p7q8r9s0t1u2v
j0k1l2m3n4o5p6a1b2c3d4e5f6g7h8i1,0j1k2l3m4n5o6p7q8r9s0t1u2v
d4e5f6g7h8i9j0k1l2m3n4o5p6a1b2c4,0j1k2l3m4n5o6p7q8r9s0t1u2v
n4o5p6a1b2c3d4e5f6g7h8i9j0k1l2m3,1a2b3c4d5e6f7g8h9i0j1k2l3m
e5f6g7h8i9j0k1l2m3n4o5p6a1b2c3d4,1k2l3m4n5o6p7q8r9s0t1u2v3w
c3d4e5f6g7h8i9j0k1l2m3n4o5p6a1b2,2b3c4d5e6f7g8h9i0j1k2l3m4n
f6g7h8i9j0k1l2m3n4o5p6a1b2c3d4e5,2b3c4d5e6f7g8h9i0j1k2l3m4n
i9j0k1l2m3n4o5p6a1b2c3d4e5f6g7h8,2l3m4n5o6p7q8r9s0t1u2v3w4x
e5f6g7h8i9j0k1l2m3n4o5p6a1b2c3d4,3c4d5e6f7g8h9i0j1k2l3m4n5o
k1l2m3n4o5p6a1b2c3d4e5f6g7h8i9j0,3m4n5o6p7q8r9s0t1u2v3w4x5y
m3n4o5p6a1b2c3d4e5f6g7h8i9j0k1l3,4d54ste5dyrtugiuhijjjyhtg6
j0k1l2m3n4o5p6a1b2c3d4e5f6g7h8i0,4d54ste5dyrtugiuhijjjyhtg6
b2c3d4e5f6g7h8i9j0k1l2m3n4o5p6a1,4d5e6f7g8h9i0j1k2l3m4n5o6p
f6g7h8i9j0k1l2m3n4o5p6a1b2c3d4e5,4d5e6f7g8h9i0j1k2l3m4n5o6p
e5f6g7h8i9j0k1l2m3n4o5p6a1b2c3d5,5e6f7g8h9i0j1k2l3m4n5o6p7q
b2c3d4e5f6g7h8i9j0k1l2m3n4o5p6a1,5e6f7g8h9i0j1k2l3m4n5o6p7q
a1b2c3d4e5f6g7h8i9j0k1l2m3n4o5p6,6f7g8h9i0j1k2l3m4n5o6p7q8r
d4e5f6g7h8i9j0k1l2m3n4o5p6a1b2c3,6f7g8h9i0j1k2l3m4n5o6p7q8r
f6g7h8i9j0k1l2m3n4o5p6a1b2c3d4e5,6f7g8h9i0j1k2l3m4n5o6p7q8r
l2m3n4o5p6a1b2c3d4e5f6g7h8i9j0k1,6f7g8h9i0j1k2l3m4n5o6p7q8r
a1b2c3d4e5f6g7h8i9j0k1l2m3n4o5p6,7g8h9i0j1k2l3m4n5o6p7q8r9s
k1l2m3n4o5p6a1b2c3d4e5f6g7h8i9j0,7g8h9i0j1k2l3m4n5o6p7q8r9s
e5f6g7h8i9j0k1l2m3n4o5p6a1b2c3d4,8h9i0j1k2l3m4n5o6p7q8r9s0t
h8i9j0k1l2m3n4o5p6a1b2c3d4e5f6g7,8h9i0j1k2l3m4n5o6p7q8r9s0t
m3n4o5p6a1b2c3d4e5f6g7h8i9j0k1l3,9438yteihufdkjj3928rifudss
c3d4e5f6g7h8i9j0k1l2m3n4o5p6a1b4,9438yteihufdkjj3928rifudss
b2c3d4e5f6g7h8i9j0k1l2m3n4o5p6a1,9438yteihufdkjj3928rifudss
f6g7h8i9j0k1l2m3n4o5p6a1b2c3d4e5,9438yteihufdkjj3928rifudss
l2m3n4o5p6a1b2c3d4e5f6g7h8i9j0k1,9438yteihufdkjj3928rifudss
b2c3d4e5f6g7h8i9j0k1l2m3n4o5p6a2,9438yteihufdkjj3928rifudss
d4e5f6g7h8i9j0k1l2m3n4o5p6a1b2c4,9i0j1k2l3m4n5o6p7q8r9s0t1u
f6g7h8i9j0k1l2m3n4o5p6a1b2c3d4e5,ghjhkg84f6cv513vg86es4dfxc
l2m3n4o5p6a1b2c3d4e5f6g7h8i9j0k1,ghjhkg84f6cv513vg86es4dfxc
b2c3d4e5f6g7h8i9j0k1l2m3n4o5p6a2,ghjhkg84f6cv513vg86es4dfxc
f6g7h8i9j0k1l2m3n4o5p6a1b2c3d4e6,ghjhkg84f6cv513vg86es4dfxc
i9j0k1l2m3n4o5p6a1b2c3d4e5f6g7h8,nb3vfd6f8gh6v4bn51vcxd9fx8
e5f6g7h8i9j0k1l2m3n4o5p6a1b2c3d5,o8y9yrhaoiwef06s5df0fsd5sf
d4e5f6g7h8i9j0k1l2m3n4o5p6a1b2c5,o8y9yrhaoiwef06s5df0fsd5sf
i9j0k1l2m3n4o5p6a1b2c3d4e5f6g7h8,wesr1d5f6tsaSzd65x1fs8dfc5
d4e5f6g7h8i9j0k1l2m3n4o5p6a1b2c3,wesr1d5f6tsaSzd65x1fs8dfc5
k1l2m3n4o5p6a1b2c3d4e5f6g7h8i9j0,y34rd78wer7jdero7djofseorw
e5f6g7h8i9j0k1l2m3n4o5p6a1b2c3d4,y34rd78wer7jdero7djofseorw
