a1b2c3d4e5f6g7h8i9j0,2b3c4d5e6f7g8h9i0j1k2l3m4n,2004-09-15,Anime
k9l8m7n6o5p4q3r2s1t0,2b3c4d5e6f7g8h9i0j1k2l3m4n,2005-03-21,Anime
u0v1w2x3y4z5a6b7c8d9,3c4d5e6f7g8h9i0j1k2l3m4n5o,2006-11-30,Anime
e9f8g7h6i5j4k3l2m1n0,1a2b3c4d5e6f7g8h9i0j1k2l3m,2007-08-24,Virtual Reality
o1p2q3r4s5t6u7v8w9x0,wesr1d5f6tsaSzd65x1fs8dfc5,2008-02-18,Virtual Reality
y0z1a2b3c4d5e6f7g8h9,nb3vfd6f8gh6v4bn51vcxd9fx8,2009-06-12,Cinematography
i9j8k7l6m5n4o3p2q1r0,ghjhkg84f6cv513vg86es4dfxc,2010-10-05,Short Films
s0t1u2v3w4x5y6z7a8b9,5e6f7g8h9i0j1k2l3m4n5o6p7q,2011-01-29,Webcomics
c9d8e7f6g5h4i3j2k1l0,4d54ste5dyrtugiuhijjjyhtg6,2012-05-25,Illustration
m1n2o3p4q5r6s7t8u9v0,6f7g8h9i0j1k2l3m4n5o6p7q8r,2013-09-19,3D Animation
w0x1y2z3a4b5c6d7e8f9,7g8h9i0j1k2l3m4n5o6p7q8r9s,2014-01-14,Virtual Reality
g9h8i7j6k5l4m3n2o1p0,o8y9yrhaoiwef06s5df0fsd5sf,2015-05-10,Cinematography
q1r2s3t4u5v6w7x8y9z0,7g8h9i0j1k2l3m4n5o6p7q8r9s,2016-09-04,Visual Effects
