a1b2c3d4e5f6g7h8i9j0klmnop,Galactic Games
q1w2e3r4t5y6u7i8o9p0asdfg,Nebula Entertainment
h1j2k3l4z5x6c7v8b9n0m1q2w,Pixel Playground
e1r2t3y4u5io7p8a9s0d1f2g,Cosmic Creations
b1n2m3q4w5e6r7t8y9u0i1o2p,Starlight Studios
z1x2c3v4b5n6m7l8k9j0h1g2f,Astro Gaming
p1o2i3u4y5t6re8w9q0a1s2d,Orbit Games
f1g2h3j4k5l6z7x8c9v0b1n2,Galaxy Games
m1n2b3v4c5x6z7l8k9j0h1g2,Cosmo Studios
q1a2z3w4s5x6e7d8c9r0f1v2,Nova Entertainment
t1y2u3i4o5p6a7s8d9f0g1h2j,Aurora Games
1l2j3h4g5f6d7s8a9q0w1e2r,Infinity Interactive
u1i2o3p4a5s6d7f8g9h0j1k2l,Celestial Creations
w1e2r3t4y5u6i7o8p9a0s1d2f,Meteorite Games
g1h2j3k4l5z6x7c8v9b0n1m2,Supernova Studios
