2b3c4d5e6f7g8h9i0j1k2l3m4n,PixelWarrior87,1987-11-23,2005-03-18
3c4d5e6f7g8h9i0j1k2l3m4n5o,StealthNinja29,1995-08-14,2006-07-22
4d5e6f7g8h9i0j1k2l3m4n5o6p,CyberPirate56,1992-02-28,2007-12-05
5e6f7g8h9i0j1k2l3m4n5o6p7q,MysticMage33,1989-06-30,2008-04-10
6f7g8h9i0j1k2l3m4n5o6p7q8r,SniperWolf99,1996-10-07,2009-08-16
7g8h9i0j1k2l3m4n5o6p7q8r9s,ShadowHunter21,1993-03-15,2010-02-24
8h9i0j1k2l3m4n5o6p7q8r9s0t,BlazingPhoenix45,1998-07-02,2011-11-30
1a2b3c4d5e6f7g8h9i0j1k2l3m,GamerKing42,1995-06-15,2004-02-10
y34rd78wer7jdero7djofseorw,ShadowSlayer99,1989-11-23,2005-08-17
wesr1d5f6tsaSzd65x1fs8dfc5,PixelWarrior,2001-03-12,2009-12-05
nb3vfd6f8gh6v4bn51vcxd9fx8,NoScopeMaster,1998-07-30,2007-06-21
ghjhkg84f6cv513vg86es4dfxc,StealthNinja88,1992-10-08,2006-03-15
4d54ste5dyrtugiuhijjjyhtg6,EpicGamer2000,2000-01-01,2010-09-30
o8y9yrhaoiwef06s5df0fsd5sf,BattleMage47,1996-04-19,2008-11-24
9438yteihufdkjj3928rifudss,CyberPunk2077,1985-08-14,2004-10-29
9i0j1k2l3m4n5o6p7q8r9s0t1u,LootHunter,1999-12-31,2011-07-16
0j1k2l3m4n5o6p7q8r9s0t1u2v,RogueAssassin,1990-05-25,2005-01-20
1k2l3m4n5o6p7q8r9s0t1u2v3w,SniperElite,1997-09-10,2009-04-06
2l3m4n5o6p7q8r9s0t1u2v3w4x,DragonSlayerX,1994-02-28,2007-08-22
3m4n5o6p7q8r9s0t1u2v3w4x5y,RagingPhoenix,1988-06-17,2006-12-12
4n5o6p7q8r9s0t1u2v3w4x5y6z,MysticSorcerer,1993-10-05,2008-05-31
56g7hufig8h8h7g6vdu67ik9au,BlazingArrow,1991-03-24,2010-01-26
6p7q8r9s0t1u2v3w4x5y6z7a8b,DoomBringer,1995-07-12,2009-09-20
7q8r9s0t1u2v3w4x5y6z7a8b9c,ChaosKnight,1987-11-30,2005-04-15
8r9s0t1u2v3w4x5y6z7a8b9c0d,IronFist,1996-06-05,2011-02-10
9s0t1u2v3w4x5y6z7a8b9c0d1e,ThunderStruck,1992-10-23,2007-07-17
0t1u2v3w4x5y6z7a8b9c0d1e2f,AstralWanderer,1989-03-11,2006-03-05
1u2v3w4x5y6z7a8b9c0d1e2f3g,DarkSorcery,1998-07-29,2010-12-01
2v3w4x5y6z7a8b9c0d1e2f3g4h,NetherRealm,1990-12-18,2008-08-26
3w4x5y6z7a8b9c0d1e2f3g4h5i,FrostBite,1994-04-16,2009-05-21
4x5y6z7a8b9c0d1e2f3g4h5i6j,CrimsonBlade,1997-08-04,2011-01-16
5y6z7a8b9c0d1e2f3g4h5i6j7k,ArcaneMastery,1991-11-22,2007-06-11
6z7a8b9c0d1e2f3g4h5i6j7k8l,RiftWalker,1993-03-10,2010-02-05
7a8b9c0d1e2f3g4h5i6j7k8l9m,CelestialGuard,1995-07-28,2008-12-30
8b9c0d1e2f3g4h5i6j7k8l9m0n,InfernalWrath,1988-11-17,2006-07-25
9c0d1e2f3g4h5i6j7k8l9m0n1o,LunarEclipse,1990-06-06,2009-03-20
0d1e2f3g4h5i6j7k8l9m0n1o2p,AbyssalReaper,1992-10-25,2010-08-14
1e2f3g4h5i6j7k8l9m0n1o2p3q,VoidStalker,1994-02-12,2007-04-10
2f3g4h5i6j7k8l9m0n1o2p3q4r,SpectralHunter,1996-06-14,2011-11-29
3g4h5i6j7k8l9m0n1o2p3q4r5s,EternalFlame,1991-10-03,2009-06-24
4h5i6j7k8l9m0n1o2p3q4r5s6t,NecroSummoner,1993-03-22,2008-01-19
5i6j7k8l9m0n1o2p3q4r5s6t7u,WraithLord,1995-07-11,2010-07-04
6j7k8l9m0n1o2p3q4r5s6t7u8v,PhantomStriker,1989-11-29,2006-02-28
uijhgfv65d6g46d5fgx65f4dgb,EpicSlayer99,1985-11-23,2005-08-10
"l9o8iukjm645nh1jk,8,kh6jn1",StealthNinja87,1992-07-19,2006-12-05
1cv25fg8dsfd1gg2fvc2f3d60d,CyberMage56,1995-10-02,2008-09-30
w04c9oe34othu4ow3ytowe4oeh,BattleHawk77,1991-01-15,2009-11-18
165fdg65sdf987s65dg3asdfgd,SniperWolf89,1987-06-24,2010-06-07
3c2b1cv0drgf59dsdv2sd1sdfd,ShadowAssassin,1993-02-11,2011-02-25
98w34ytorefywetr87orsoj4re,RogueSorcerer,1989-08-30,2012-10-12
e5s1fd3sdf16wa5et46sze5f1s,BlazingPhoenix,1994-04-17,2013-05-28
3549a8we46fsz5dser6df3s1df,IronKnight32,1990-12-04,2014-01-13
3rwedgfe45rtfhge455drtuawe,MysticWarrior,1986-07-21,2015-08-29
r6d5gf13fs5fd65f1s3xddfxg5,ThunderStriker,1992-03-09,2016-04-14
497wr8koexwhcrivg78fy3j4wd,ArcaneHunter,1988-10-26,2017-11-30
